{
  "metainfo": {
    "categories": {
      "Pedestrian": 0,
      "Cyclist": 1,
      "Car": 2,
      "Van": 3,
      "Truck": 4,
      "Person_sitting": 5,
      "Tram": 6,
      "Misc": 7,
      "DontCare": -1
    },
    "dataset": "kitti",
    "info_version": "1.1"
  },
  "data_list": [
    {
      "sample_idx": 0,
      "images": {
        "CAM0": {
          "cam2img": [
            [
              707.0493,
              0.0,
              604.0814,
              0.0
            ],
            [
              0.0,
              707.0493,
              180.5066,
              0.0
            ],
            [
              0.0,
              0.0,
              1.0,
              0.0
            ],
            [
              0.0,
              0.0,
              0.0,
              1.0
            ]
          ],
          "lidar2img": [
            [
              602.9436976111118,
              -707.9132863314612,
              -12.274842681831494,
              -216.70103429706526
            ],
            [
              176.77725024402156,
              8.80879965630006,
              -707.9361204188122,
              -102.22322079623453
            ],
            [
              0.9999848008155823,
              -0.0015282672829926014,
              -0.005290712229907513,
              -0.33254900574684143
            ],
            [
              0.0,
              0.0,
              0.0,
              1.0
            ]
          ]
        },
        "CAM1": {
          "cam2img": [
            [
              707.0493,
              0.0,
              604.0814,
              -379.7842
            ],
            [
              0.0,
              707.0493,
              180.5066,
              0.0
            ],
            [
              0.0,
              0.0,
              1.0,
              0.0
            ],
            [
              0.0,
              0.0,
              0.0,
              1.0
            ]
          ],
          "lidar2img": [
            [
              602.9436976111118,
              -707.9132863314612,
              -12.274842681831494,
              -596.4852342970653
            ],
            [
              176.77725024402156,
              8.80879965630006,
              -707.9361204188122,
              -102.22322079623453
            ],
            [
              0.9999848008155823,
              -0.0015282672829926014,
              -0.005290712229907513,
              -0.33254900574684143
            ],
            [
              0.0,
              0.0,
              0.0,
              1.0
            ]
          ]
        },
        "CAM2": {
          "img_path": "000000.png",
          "height": 370,
          "width": 1224,
          "cam2img": [
            [
              707.0493,
              0.0,
              604.0814,
              45.75831
            ],
            [
              0.0,
              707.0493,
              180.5066,
              -0.3454157
            ],
            [
              0.0,
              0.0,
              1.0,
              0.004981016
            ],
            [
              0.0,
              0.0,
              0.0,
              1.0
            ]
          ],
          "lidar2img": [
            [
              602.9436976111118,
              -707.9132863314612,
              -12.274842681831494,
              -170.94272429706527
            ],
            [
              176.77725024402156,
              8.80879965630006,
              -707.9361204188122,
              -102.56863649623453
            ],
            [
              0.9999848008155823,
              -0.0015282672829926014,
              -0.005290712229907513,
              -0.3275679897468414
            ],
            [
              0.0,
              0.0,
              0.0,
              1.0
            ]
          ],
          "lidar2cam": [
            [
              -0.0015960992313921452,
              -0.9999162554740906,
              -0.012840436771512032,
              -0.022366708144545555
            ],
            [
              -0.00527064548805356,
              0.012848696671426296,
              -0.9999035596847534,
              -0.05967890843749046
            ],
            [
              0.9999848008155823,
              -0.0015282672829926014,
              -0.005290712229907513,
              -0.33254900574684143
            ],
            [
              0.0,
              0.0,
              0.0,
              1.0
            ]
          ]
        },
        "CAM3": {
          "cam2img": [
            [
              707.0493,
              0.0,
              604.0814,
              -334.1081
            ],
            [
              0.0,
              707.0493,
              180.5066,
              2.33066
            ],
            [
              0.0,
              0.0,
              1.0,
              0.003201153
            ],
            [
              0.0,
              0.0,
              0.0,
              1.0
            ]
          ],
          "lidar2img": [
            [
              602.9436976111118,
              -707.9132863314612,
              -12.274842681831494,
              -550.8091342970653
            ],
            [
              176.77725024402156,
              8.80879965630006,
              -707.9361204188122,
              -99.89256079623453
            ],
            [
              0.9999848008155823,
              -0.0015282672829926014,
              -0.005290712229907513,
              -0.3293478527468414
            ],
            [
              0.0,
              0.0,
              0.0,
              1.0
            ]
          ]
        },
        "R0_rect": [
          [
            0.9999127984046936,
            0.010092630051076412,
            -0.008511931635439396,
            0.0
          ],
          [
            -0.010127290152013302,
            0.9999405741691589,
            -0.004037670791149139,
            0.0
          ],
          [
            0.008470674976706505,
            0.0041235219687223434,
            0.9999555945396423,
            0.0
          ],
          [
            0.0,
            0.0,
            0.0,
            1.0
          ]
        ]
      },
      "lidar_points": {
        "num_pts_feats": 4,
        "lidar_path": "000000.bin",
        "Tr_velo_to_cam": [
          [
            0.006927963811904192,
            -0.9999722242355347,
            -0.0027578289154917,
            -0.024577289819717407
          ],
          [
            -0.0011629819637164474,
            0.0027498360723257065,
            -0.9999955296516418,
            -0.06127237156033516
          ],
          [
            0.999975323677063,
            0.006931141018867493,
            -0.0011438990477472544,
            -0.33210289478302
          ],
          [
            0.0,
            0.0,
            0.0,
            1.0
          ]
        ],
        "Tr_imu_to_velo": [
          [
            0.999997615814209,
            0.0007553070900030434,
            -0.002035825978964567,
            -0.8086758852005005
          ],
          [
            -0.0007854027207940817,
            0.9998897910118103,
            -0.014822980388998985,
            0.3195559084415436
          ],
          [
            0.002024406101554632,
            0.014824540354311466,
            0.9998881220817566,
            -0.7997230887413025
          ],
          [
            0.0,
            0.0,
            0.0,
            1.0
          ]
        ]
      },
      "instances": [
        {
          "bbox": [
            712.4,
            143.0,
            810.73,
            307.92
          ],
          "bbox_label": 0,
          "bbox_3d": [
            1.84,
            1.47,
            8.41,
            1.2,
            1.89,
            0.48,
            0.01
          ],
          "bbox_label_3d": 0,
          "depth": 8.4149808883667,